--
-- PostgreSQL database dump
--

-- Dumped from database version 10.6 (Ubuntu 10.6-0ubuntu0.18.04.1)
-- Dumped by pg_dump version 10.6 (Ubuntu 10.6-0ubuntu0.18.04.1)

SET statement_timeout = 0;
SET lock_timeout = 0;
SET idle_in_transaction_session_timeout = 0;
SET client_encoding = 'UTF8';
SET standard_conforming_strings = on;
SELECT pg_catalog.set_config('search_path', '', false);
SET check_function_bodies = false;
SET client_min_messages = warning;
SET row_security = off;

--
-- Name: plpgsql; Type: EXTENSION; Schema: -; Owner: 
--

CREATE EXTENSION IF NOT EXISTS plpgsql WITH SCHEMA pg_catalog;


--
-- Name: EXTENSION plpgsql; Type: COMMENT; Schema: -; Owner: 
--

COMMENT ON EXTENSION plpgsql IS 'PL/pgSQL procedural language';


SET default_tablespace = '';

SET default_with_oids = false;

--
-- Name: absence; Type: TABLE; Schema: public; Owner: dev
--

CREATE TABLE public.absence (
    abs_id integer NOT NULL,
    abs_fk_idutilisateur integer,
    abs_fk_idstatusabsence integer,
    abs_fk_idperformance integer,
    abs_fk_idmotifabsence integer,
    abs_fk_idfichier integer,
    abs_datedebut timestamp without time zone NOT NULL,
    abs_datefin timestamp without time zone NOT NULL,
    abs_lieu character varying(50),
    abs_commentaire character varying(200),
    abs_auteurcreation character varying(50) NOT NULL,
    abs_datecreation timestamp without time zone NOT NULL,
    abs_auteurchangement character varying(50) NOT NULL,
    abs_datechangement timestamp without time zone NOT NULL,
    abs_nom character varying(200) NOT NULL,
    abs_rappel character varying(50),
    abs_fk_idtypecompetition integer,
    abs_fk_idechellecompetition integer,
    abs_fk_idlocalisationcompetition integer
);


ALTER TABLE public.absence OWNER TO dev;

--
-- Name: absence_abs_id_seq; Type: SEQUENCE; Schema: public; Owner: dev
--

CREATE SEQUENCE public.absence_abs_id_seq
    START WITH 1
    INCREMENT BY 1
    NO MINVALUE
    NO MAXVALUE
    CACHE 1;


ALTER TABLE public.absence_abs_id_seq OWNER TO dev;

--
-- Name: SEQUENCE absence_abs_id_seq; Type: COMMENT; Schema: public; Owner: dev
--

COMMENT ON SEQUENCE public.absence_abs_id_seq IS 'DbWrench Autogenerated Sequence.';


--
-- Name: categorie; Type: TABLE; Schema: public; Owner: dev
--

CREATE TABLE public.categorie (
    cat_id integer NOT NULL,
    cat_nom character varying(200) NOT NULL,
    cat_description character varying(200),
    cat_auteurcreation character varying(50) NOT NULL,
    cat_datecreation timestamp without time zone NOT NULL,
    cat_auteurchangement character varying(50) NOT NULL,
    cat_datechangement timestamp without time zone NOT NULL
);


ALTER TABLE public.categorie OWNER TO dev;

--
-- Name: categorie_cat_id_seq; Type: SEQUENCE; Schema: public; Owner: dev
--

CREATE SEQUENCE public.categorie_cat_id_seq
    START WITH 1
    INCREMENT BY 1
    NO MINVALUE
    NO MAXVALUE
    CACHE 1;


ALTER TABLE public.categorie_cat_id_seq OWNER TO dev;

--
-- Name: SEQUENCE categorie_cat_id_seq; Type: COMMENT; Schema: public; Owner: dev
--

COMMENT ON SEQUENCE public.categorie_cat_id_seq IS 'DbWrench Autogenerated Sequence.';


--
-- Name: classement; Type: TABLE; Schema: public; Owner: dev
--

CREATE TABLE public.classement (
    cla_id integer NOT NULL,
    cla_name character varying(50) NOT NULL,
    cla_description character varying(200) DEFAULT NULL::character varying,
    cla_auteurcreation character varying(50) NOT NULL,
    cla_datecreation timestamp(0) without time zone NOT NULL,
    cla_auteurchangement character varying(50) NOT NULL,
    cla_datechangement timestamp(0) without time zone NOT NULL
);


ALTER TABLE public.classement OWNER TO dev;

--
-- Name: classement_cla_id_seq; Type: SEQUENCE; Schema: public; Owner: dev
--

CREATE SEQUENCE public.classement_cla_id_seq
    START WITH 1
    INCREMENT BY 1
    NO MINVALUE
    NO MAXVALUE
    CACHE 1;


ALTER TABLE public.classement_cla_id_seq OWNER TO dev;

--
-- Name: competition; Type: TABLE; Schema: public; Owner: dev
--

CREATE TABLE public.competition (
    com_id integer NOT NULL,
    com_name character varying(50) NOT NULL,
    com_description character varying(200) DEFAULT NULL::character varying,
    com_auteurcreation character varying(50) NOT NULL,
    com_datecreation timestamp(0) without time zone NOT NULL,
    com_auteurchangement character varying(50) NOT NULL,
    com_datechangement timestamp(0) without time zone NOT NULL
);


ALTER TABLE public.competition OWNER TO dev;

--
-- Name: competition_com_id_seq; Type: SEQUENCE; Schema: public; Owner: dev
--

CREATE SEQUENCE public.competition_com_id_seq
    START WITH 1
    INCREMENT BY 1
    NO MINVALUE
    NO MAXVALUE
    CACHE 1;


ALTER TABLE public.competition_com_id_seq OWNER TO dev;

--
-- Name: datatemp; Type: TABLE; Schema: public; Owner: dev
--

CREATE TABLE public.datatemp (
    dattem_id integer NOT NULL,
    dattem_nom character varying(50) NOT NULL,
    dattem_auteurcreation character varying(50) NOT NULL,
    dattem_datecreation timestamp(0) without time zone NOT NULL,
    dattem_auteurchangement character varying(50) NOT NULL,
    dattem_datechangement timestamp(0) without time zone NOT NULL,
    dattem_type character varying(50) NOT NULL
);


ALTER TABLE public.datatemp OWNER TO dev;

--
-- Name: datatemp_dattem_id_seq; Type: SEQUENCE; Schema: public; Owner: dev
--

CREATE SEQUENCE public.datatemp_dattem_id_seq
    START WITH 1
    INCREMENT BY 1
    NO MINVALUE
    NO MAXVALUE
    CACHE 1;


ALTER TABLE public.datatemp_dattem_id_seq OWNER TO dev;

--
-- Name: departement; Type: TABLE; Schema: public; Owner: dev
--

CREATE TABLE public.departement (
    dep_id integer NOT NULL,
    dep_nom character varying(50) NOT NULL,
    dep_description character varying(200),
    dep_auteurcreation character varying(50) NOT NULL,
    dep_datecreation timestamp without time zone NOT NULL,
    dep_auteurchangement character varying(50) NOT NULL,
    dep_datechangement timestamp without time zone NOT NULL
);


ALTER TABLE public.departement OWNER TO dev;

--
-- Name: departement_dep_id_seq; Type: SEQUENCE; Schema: public; Owner: dev
--

CREATE SEQUENCE public.departement_dep_id_seq
    START WITH 1
    INCREMENT BY 1
    NO MINVALUE
    NO MAXVALUE
    CACHE 1;


ALTER TABLE public.departement_dep_id_seq OWNER TO dev;

--
-- Name: SEQUENCE departement_dep_id_seq; Type: COMMENT; Schema: public; Owner: dev
--

COMMENT ON SEQUENCE public.departement_dep_id_seq IS 'DbWrench Autogenerated Sequence.';


--
-- Name: division; Type: TABLE; Schema: public; Owner: dev
--

CREATE TABLE public.division (
    div_id integer NOT NULL,
    div_name character varying(50) NOT NULL,
    div_description character varying(200) DEFAULT NULL::character varying,
    div_auteurcreation character varying(50) NOT NULL,
    div_datecreation timestamp(0) without time zone NOT NULL,
    div_auteurchangement character varying(50) NOT NULL,
    div_datechangement timestamp(0) without time zone NOT NULL
);


ALTER TABLE public.division OWNER TO dev;

--
-- Name: division_div_id_seq; Type: SEQUENCE; Schema: public; Owner: dev
--

CREATE SEQUENCE public.division_div_id_seq
    START WITH 1
    INCREMENT BY 1
    NO MINVALUE
    NO MAXVALUE
    CACHE 1;


ALTER TABLE public.division_div_id_seq OWNER TO dev;

--
-- Name: echellecompetition; Type: TABLE; Schema: public; Owner: dev
--

CREATE TABLE public.echellecompetition (
    echcom_id integer NOT NULL,
    echcom_nom character varying(50) NOT NULL,
    echcom_description character varying(200),
    echcom_auteurcreation character varying(50) NOT NULL,
    echcom_datecreation timestamp without time zone NOT NULL,
    echcom_auteurchangement character varying(50) NOT NULL,
    echcom_datechangement timestamp without time zone NOT NULL,
    echcom_type character varying(50) NOT NULL
);


ALTER TABLE public.echellecompetition OWNER TO dev;

--
-- Name: echellecompetition_echcom_id_seq; Type: SEQUENCE; Schema: public; Owner: dev
--

CREATE SEQUENCE public.echellecompetition_echcom_id_seq
    START WITH 1
    INCREMENT BY 1
    NO MINVALUE
    NO MAXVALUE
    CACHE 1;


ALTER TABLE public.echellecompetition_echcom_id_seq OWNER TO dev;

--
-- Name: SEQUENCE echellecompetition_echcom_id_seq; Type: COMMENT; Schema: public; Owner: dev
--

COMMENT ON SEQUENCE public.echellecompetition_echcom_id_seq IS 'DbWrench Autogenerated Sequence.';


--
-- Name: epreuve; Type: TABLE; Schema: public; Owner: dev
--

CREATE TABLE public.epreuve (
    epr_id integer NOT NULL,
    epr_nom character varying(50) NOT NULL,
    epr_description character varying(200),
    epr_auteurcreation character varying(50) NOT NULL,
    epr_datecreation timestamp without time zone NOT NULL,
    epr_auteurchangement character varying(50) NOT NULL,
    epr_datechangement timestamp without time zone NOT NULL
);


ALTER TABLE public.epreuve OWNER TO dev;

--
-- Name: epreuve_epr_id_seq; Type: SEQUENCE; Schema: public; Owner: dev
--

CREATE SEQUENCE public.epreuve_epr_id_seq
    START WITH 1
    INCREMENT BY 1
    NO MINVALUE
    NO MAXVALUE
    CACHE 1;


ALTER TABLE public.epreuve_epr_id_seq OWNER TO dev;

--
-- Name: SEQUENCE epreuve_epr_id_seq; Type: COMMENT; Schema: public; Owner: dev
--

COMMENT ON SEQUENCE public.epreuve_epr_id_seq IS 'DbWrench Autogenerated Sequence.';


--
-- Name: fichier; Type: TABLE; Schema: public; Owner: dev
--

CREATE TABLE public.fichier (
    fic_id integer NOT NULL,
    fic_fk_idutilisateur integer,
    fic_fk_idtypefichier integer,
    fic_chemin character varying(200) NOT NULL,
    fic_auteurcreation character varying(50) NOT NULL,
    fic_datecreation timestamp without time zone NOT NULL,
    fic_auteurchangement character varying(50) NOT NULL,
    fic_datechangement timestamp without time zone NOT NULL,
    fic_fk_idperformance integer
);


ALTER TABLE public.fichier OWNER TO dev;

--
-- Name: fichier_fic_id_seq; Type: SEQUENCE; Schema: public; Owner: dev
--

CREATE SEQUENCE public.fichier_fic_id_seq
    START WITH 1
    INCREMENT BY 1
    NO MINVALUE
    NO MAXVALUE
    CACHE 1;


ALTER TABLE public.fichier_fic_id_seq OWNER TO dev;

--
-- Name: SEQUENCE fichier_fic_id_seq; Type: COMMENT; Schema: public; Owner: dev
--

COMMENT ON SEQUENCE public.fichier_fic_id_seq IS 'DbWrench Autogenerated Sequence.';


--
-- Name: jointurecompetition; Type: TABLE; Schema: public; Owner: dev
--

CREATE TABLE public.jointurecompetition (
    joicom_id integer NOT NULL,
    joicom_fk_idcategorie integer,
    joicom_fk_idcompetition integer,
    joicom_fk_iddivision integer,
    joicom_fk_idjointuresport integer,
    joicom_auteurcreation character varying(50) NOT NULL,
    joicom_datecreation timestamp(0) without time zone NOT NULL,
    joicom_auteurchangement character varying(50) NOT NULL,
    joicom_datechangement timestamp(0) without time zone NOT NULL
);


ALTER TABLE public.jointurecompetition OWNER TO dev;

--
-- Name: jointurecompetition_joicom_id_seq; Type: SEQUENCE; Schema: public; Owner: dev
--

CREATE SEQUENCE public.jointurecompetition_joicom_id_seq
    START WITH 1
    INCREMENT BY 1
    NO MINVALUE
    NO MAXVALUE
    CACHE 1;


ALTER TABLE public.jointurecompetition_joicom_id_seq OWNER TO dev;

--
-- Name: jointuresport; Type: TABLE; Schema: public; Owner: dev
--

CREATE TABLE public.jointuresport (
    joispo_id integer NOT NULL,
    joispo_fk_idsport integer,
    joispo_fk_idepreuve integer,
    joispo_fk_idcategorie integer,
    joispo_auteurcreation character varying(50) NOT NULL,
    joispo_datecreation timestamp without time zone NOT NULL,
    joispo_auteurchangement character varying(50) NOT NULL,
    joispo_datechangement timestamp without time zone NOT NULL
);


ALTER TABLE public.jointuresport OWNER TO dev;

--
-- Name: jointuresport_joispo_id_seq; Type: SEQUENCE; Schema: public; Owner: dev
--

CREATE SEQUENCE public.jointuresport_joispo_id_seq
    START WITH 1
    INCREMENT BY 1
    NO MINVALUE
    NO MAXVALUE
    CACHE 1;


ALTER TABLE public.jointuresport_joispo_id_seq OWNER TO dev;

--
-- Name: SEQUENCE jointuresport_joispo_id_seq; Type: COMMENT; Schema: public; Owner: dev
--

COMMENT ON SEQUENCE public.jointuresport_joispo_id_seq IS 'DbWrench Autogenerated Sequence.';


--
-- Name: localisationcompetition; Type: TABLE; Schema: public; Owner: dev
--

CREATE TABLE public.localisationcompetition (
    loccom_id integer NOT NULL,
    loccom_nom character varying(50) NOT NULL,
    loccom_auteurcreation character varying(50) NOT NULL,
    loccom_datecreation timestamp without time zone NOT NULL,
    loccom_auteurchangement character varying(50) NOT NULL,
    loccom_datechangement timestamp without time zone NOT NULL,
    loccom_type character varying(50) NOT NULL
);


ALTER TABLE public.localisationcompetition OWNER TO dev;

--
-- Name: localisationcompetition_loccom_id_seq; Type: SEQUENCE; Schema: public; Owner: dev
--

CREATE SEQUENCE public.localisationcompetition_loccom_id_seq
    START WITH 1
    INCREMENT BY 1
    NO MINVALUE
    NO MAXVALUE
    CACHE 1;


ALTER TABLE public.localisationcompetition_loccom_id_seq OWNER TO dev;

--
-- Name: SEQUENCE localisationcompetition_loccom_id_seq; Type: COMMENT; Schema: public; Owner: dev
--

COMMENT ON SEQUENCE public.localisationcompetition_loccom_id_seq IS 'DbWrench Autogenerated Sequence.';


--
-- Name: motifabsence; Type: TABLE; Schema: public; Owner: dev
--

CREATE TABLE public.motifabsence (
    motabs_id integer NOT NULL,
    motabs_nom character varying(50) NOT NULL,
    motabs_description character varying(200),
    motabs_auteurcreation character varying(50) NOT NULL,
    motabs_datecreation timestamp without time zone NOT NULL,
    motabs_auteurchangement character varying(50) NOT NULL,
    motabs_datechangement timestamp without time zone NOT NULL
);


ALTER TABLE public.motifabsence OWNER TO dev;

--
-- Name: motifabsence_motabs_id_seq; Type: SEQUENCE; Schema: public; Owner: dev
--

CREATE SEQUENCE public.motifabsence_motabs_id_seq
    START WITH 1
    INCREMENT BY 1
    NO MINVALUE
    NO MAXVALUE
    CACHE 1;


ALTER TABLE public.motifabsence_motabs_id_seq OWNER TO dev;

--
-- Name: SEQUENCE motifabsence_motabs_id_seq; Type: COMMENT; Schema: public; Owner: dev
--

COMMENT ON SEQUENCE public.motifabsence_motabs_id_seq IS 'DbWrench Autogenerated Sequence.';


--
-- Name: niveaucompetition; Type: TABLE; Schema: public; Owner: dev
--

CREATE TABLE public.niveaucompetition (
    nivcom_id integer NOT NULL,
    nivcom_name character varying(50) NOT NULL,
    nivcom_description character varying(200) DEFAULT NULL::character varying,
    nivcom_auteurcreation character varying(50) NOT NULL,
    nivcom_datecreation timestamp(0) without time zone NOT NULL,
    nivcom_auteurchangement character varying(50) NOT NULL,
    nivcom_datechangement timestamp(0) without time zone NOT NULL
);


ALTER TABLE public.niveaucompetition OWNER TO dev;

--
-- Name: niveaucompetition_nivcom_id_seq; Type: SEQUENCE; Schema: public; Owner: dev
--

CREATE SEQUENCE public.niveaucompetition_nivcom_id_seq
    START WITH 1
    INCREMENT BY 1
    NO MINVALUE
    NO MAXVALUE
    CACHE 1;


ALTER TABLE public.niveaucompetition_nivcom_id_seq OWNER TO dev;

--
-- Name: niveaulisteministerielle; Type: TABLE; Schema: public; Owner: dev
--

CREATE TABLE public.niveaulisteministerielle (
    nivlismin_id integer NOT NULL,
    nivlismin_nom character varying(50) NOT NULL,
    nivlismin_description character varying(200),
    nivlismin_auteurcreation character varying(50) NOT NULL,
    nivlismin_datecreation timestamp without time zone NOT NULL,
    nivlismin_auteurchangement character varying(50) NOT NULL,
    nivlismin_datechangement timestamp without time zone NOT NULL
);


ALTER TABLE public.niveaulisteministerielle OWNER TO dev;

--
-- Name: niveaulisteministerielle_nivlismin_id_seq; Type: SEQUENCE; Schema: public; Owner: dev
--

CREATE SEQUENCE public.niveaulisteministerielle_nivlismin_id_seq
    START WITH 1
    INCREMENT BY 1
    NO MINVALUE
    NO MAXVALUE
    CACHE 1;


ALTER TABLE public.niveaulisteministerielle_nivlismin_id_seq OWNER TO dev;

--
-- Name: SEQUENCE niveaulisteministerielle_nivlismin_id_seq; Type: COMMENT; Schema: public; Owner: dev
--

COMMENT ON SEQUENCE public.niveaulisteministerielle_nivlismin_id_seq IS 'DbWrench Autogenerated Sequence.';


--
-- Name: nomcompetition; Type: TABLE; Schema: public; Owner: dev
--

CREATE TABLE public.nomcompetition (
    nomcom_id integer NOT NULL,
    nomcom_name character varying(50) NOT NULL,
    nomcom_description character varying(200) DEFAULT NULL::character varying,
    nomcom_auteurcreation character varying(50) NOT NULL,
    nomcom_datecreation timestamp(0) without time zone NOT NULL,
    nomcom_auteurchangement character varying(50) NOT NULL,
    nivcom_datechangement timestamp(0) without time zone NOT NULL
);


ALTER TABLE public.nomcompetition OWNER TO dev;

--
-- Name: nomcompetition_nomcom_id_seq; Type: SEQUENCE; Schema: public; Owner: dev
--

CREATE SEQUENCE public.nomcompetition_nomcom_id_seq
    START WITH 1
    INCREMENT BY 1
    NO MINVALUE
    NO MAXVALUE
    CACHE 1;


ALTER TABLE public.nomcompetition_nomcom_id_seq OWNER TO dev;

--
-- Name: performance; Type: TABLE; Schema: public; Owner: dev
--

CREATE TABLE public.performance (
    per_id integer NOT NULL,
    per_fk_idutilisateur integer,
    per_fk_idjointuresport integer,
    per_fk_idtypecompetition integer,
    per_fk_idechellecompetition integer,
    per_fk_idlocalisationcompetition integer,
    per_fk_idresultat integer,
    per_datedebut timestamp without time zone NOT NULL,
    per_datefin timestamp without time zone NOT NULL,
    per_lieu character varying(200),
    per_importance boolean,
    per_ressenti character varying(200),
    per_auteurcreation character varying(50) NOT NULL,
    per_datecreation timestamp without time zone NOT NULL,
    per_auteurchangement character varying(50) NOT NULL,
    per_datechangement timestamp without time zone NOT NULL,
    per_listephoto character varying(255),
    per_fk_idabsence integer
);


ALTER TABLE public.performance OWNER TO dev;

--
-- Name: performance_per_id_seq; Type: SEQUENCE; Schema: public; Owner: dev
--

CREATE SEQUENCE public.performance_per_id_seq
    START WITH 1
    INCREMENT BY 1
    NO MINVALUE
    NO MAXVALUE
    CACHE 1;


ALTER TABLE public.performance_per_id_seq OWNER TO dev;

--
-- Name: SEQUENCE performance_per_id_seq; Type: COMMENT; Schema: public; Owner: dev
--

COMMENT ON SEQUENCE public.performance_per_id_seq IS 'DbWrench Autogenerated Sequence.';


--
-- Name: resultat; Type: TABLE; Schema: public; Owner: dev
--

CREATE TABLE public.resultat (
    res_id integer NOT NULL,
    res_nom character varying(50) NOT NULL,
    res_description character varying(200),
    res_auteurcreation character varying(50) NOT NULL,
    res_datecreation timestamp without time zone NOT NULL,
    res_auteurchangement character varying(50) NOT NULL,
    res_datechangement timestamp without time zone NOT NULL
);


ALTER TABLE public.resultat OWNER TO dev;

--
-- Name: resultat_res_id_seq; Type: SEQUENCE; Schema: public; Owner: dev
--

CREATE SEQUENCE public.resultat_res_id_seq
    START WITH 1
    INCREMENT BY 1
    NO MINVALUE
    NO MAXVALUE
    CACHE 1;


ALTER TABLE public.resultat_res_id_seq OWNER TO dev;

--
-- Name: SEQUENCE resultat_res_id_seq; Type: COMMENT; Schema: public; Owner: dev
--

COMMENT ON SEQUENCE public.resultat_res_id_seq IS 'DbWrench Autogenerated Sequence.';


--
-- Name: role; Type: TABLE; Schema: public; Owner: dev
--

CREATE TABLE public.role (
    rol_id integer NOT NULL,
    rol_nom character varying(30) NOT NULL,
    rol_description character varying(50) DEFAULT NULL::character varying,
    rol_auteurcreation character varying(50) NOT NULL,
    rol_datecreation timestamp(0) without time zone NOT NULL,
    rol_auteurchangement character varying(50) NOT NULL,
    rol_datechangement timestamp(0) without time zone NOT NULL
);


ALTER TABLE public.role OWNER TO dev;

--
-- Name: role_rol_id_seq; Type: SEQUENCE; Schema: public; Owner: dev
--

CREATE SEQUENCE public.role_rol_id_seq
    START WITH 1
    INCREMENT BY 1
    NO MINVALUE
    NO MAXVALUE
    CACHE 1;


ALTER TABLE public.role_rol_id_seq OWNER TO dev;

--
-- Name: sport; Type: TABLE; Schema: public; Owner: dev
--

CREATE TABLE public.sport (
    spo_id integer NOT NULL,
    spo_nom character varying(50) NOT NULL,
    spo_description character varying(200),
    spo_auteurcreation character varying(50) NOT NULL,
    spo_datecreation timestamp without time zone NOT NULL,
    spo_auteurchangement character varying(50) NOT NULL,
    spo_datechangement timestamp without time zone NOT NULL
);


ALTER TABLE public.sport OWNER TO dev;

--
-- Name: sport_spo_id_seq; Type: SEQUENCE; Schema: public; Owner: dev
--

CREATE SEQUENCE public.sport_spo_id_seq
    START WITH 1
    INCREMENT BY 1
    NO MINVALUE
    NO MAXVALUE
    CACHE 1;


ALTER TABLE public.sport_spo_id_seq OWNER TO dev;

--
-- Name: SEQUENCE sport_spo_id_seq; Type: COMMENT; Schema: public; Owner: dev
--

COMMENT ON SEQUENCE public.sport_spo_id_seq IS 'DbWrench Autogenerated Sequence.';


--
-- Name: statusabsence; Type: TABLE; Schema: public; Owner: dev
--

CREATE TABLE public.statusabsence (
    staabs_id integer NOT NULL,
    staabs_nom character varying(30) NOT NULL,
    staabs_description character varying(200),
    staabs_auteurcreation character varying(50) NOT NULL,
    staabs_datecreation timestamp without time zone NOT NULL,
    staabs_auteurchangement character varying(50) NOT NULL,
    staabs_datechangement timestamp without time zone NOT NULL
);


ALTER TABLE public.statusabsence OWNER TO dev;

--
-- Name: statusabsence_staabs_id_seq; Type: SEQUENCE; Schema: public; Owner: dev
--

CREATE SEQUENCE public.statusabsence_staabs_id_seq
    START WITH 1
    INCREMENT BY 1
    NO MINVALUE
    NO MAXVALUE
    CACHE 1;


ALTER TABLE public.statusabsence_staabs_id_seq OWNER TO dev;

--
-- Name: SEQUENCE statusabsence_staabs_id_seq; Type: COMMENT; Schema: public; Owner: dev
--

COMMENT ON SEQUENCE public.statusabsence_staabs_id_seq IS 'DbWrench Autogenerated Sequence.';


--
-- Name: typecompetition; Type: TABLE; Schema: public; Owner: dev
--

CREATE TABLE public.typecompetition (
    typcom_id integer NOT NULL,
    typcom_nom character varying(50) NOT NULL,
    typcom_description character varying(200),
    typcom_auteurcreation character varying(50) NOT NULL,
    typcom_datecreation timestamp without time zone NOT NULL,
    typcom_auteurchangement character varying(50) NOT NULL,
    typcom_datechangement timestamp without time zone NOT NULL
);


ALTER TABLE public.typecompetition OWNER TO dev;

--
-- Name: typecompetition_typcom_id_seq; Type: SEQUENCE; Schema: public; Owner: dev
--

CREATE SEQUENCE public.typecompetition_typcom_id_seq
    START WITH 1
    INCREMENT BY 1
    NO MINVALUE
    NO MAXVALUE
    CACHE 1;


ALTER TABLE public.typecompetition_typcom_id_seq OWNER TO dev;

--
-- Name: SEQUENCE typecompetition_typcom_id_seq; Type: COMMENT; Schema: public; Owner: dev
--

COMMENT ON SEQUENCE public.typecompetition_typcom_id_seq IS 'DbWrench Autogenerated Sequence.';


--
-- Name: typefichier; Type: TABLE; Schema: public; Owner: dev
--

CREATE TABLE public.typefichier (
    typfic_id integer NOT NULL,
    typfic_nom character varying(50) NOT NULL,
    typfic_description character varying(200),
    typfic_auteurcreation character varying(50) NOT NULL,
    typfic_datecreation timestamp without time zone NOT NULL,
    typfic_auteurchangement character varying(50) NOT NULL,
    typfic_datechangement timestamp without time zone NOT NULL
);


ALTER TABLE public.typefichier OWNER TO dev;

--
-- Name: typefichier_typfic_id_seq; Type: SEQUENCE; Schema: public; Owner: dev
--

CREATE SEQUENCE public.typefichier_typfic_id_seq
    START WITH 1
    INCREMENT BY 1
    NO MINVALUE
    NO MAXVALUE
    CACHE 1;


ALTER TABLE public.typefichier_typfic_id_seq OWNER TO dev;

--
-- Name: SEQUENCE typefichier_typfic_id_seq; Type: COMMENT; Schema: public; Owner: dev
--

COMMENT ON SEQUENCE public.typefichier_typfic_id_seq IS 'DbWrench Autogenerated Sequence.';


--
-- Name: typesport; Type: TABLE; Schema: public; Owner: dev
--

CREATE TABLE public.typesport (
    typspo_id integer NOT NULL,
    typspo_name character varying(50) NOT NULL,
    typspo_description character varying(200) DEFAULT NULL::character varying,
    typspo_auteurcreation character varying(50) NOT NULL,
    typspo_datecreation timestamp(0) without time zone NOT NULL,
    typspo_auteurchangement character varying(50) NOT NULL,
    typspo_datechangement timestamp(0) without time zone NOT NULL
);


ALTER TABLE public.typesport OWNER TO dev;

--
-- Name: typesport_typspo_id_seq; Type: SEQUENCE; Schema: public; Owner: dev
--

CREATE SEQUENCE public.typesport_typspo_id_seq
    START WITH 1
    INCREMENT BY 1
    NO MINVALUE
    NO MAXVALUE
    CACHE 1;


ALTER TABLE public.typesport_typspo_id_seq OWNER TO dev;

--
-- Name: users; Type: TABLE; Schema: public; Owner: dev
--

CREATE TABLE public.users (
    id integer NOT NULL,
    email character varying(255) NOT NULL,
    name character varying(40) NOT NULL,
    role character varying(50) NOT NULL,
    password character varying(64) NOT NULL
);


ALTER TABLE public.users OWNER TO dev;

--
-- Name: users_id_seq; Type: SEQUENCE; Schema: public; Owner: dev
--

CREATE SEQUENCE public.users_id_seq
    START WITH 1
    INCREMENT BY 1
    NO MINVALUE
    NO MAXVALUE
    CACHE 1;


ALTER TABLE public.users_id_seq OWNER TO dev;

--
-- Name: utilisateur; Type: TABLE; Schema: public; Owner: dev
--

CREATE TABLE public.utilisateur (
    uti_id integer NOT NULL,
    uti_nom character varying(30) NOT NULL,
    uti_prenom character varying(30) NOT NULL,
    uti_email character varying(50) NOT NULL,
    uti_fk_idsport integer,
    uti_fk_iddepartement integer,
    uti_fk_idniveaulisteministerielle integer,
    uti_auteurcreation character varying(50) NOT NULL,
    uti_datecreation timestamp without time zone NOT NULL,
    uti_auteurchangement character varying(50) NOT NULL,
    uti_datechangement timestamp without time zone NOT NULL,
    uti_premiereconnexion boolean NOT NULL
);


ALTER TABLE public.utilisateur OWNER TO dev;

--
-- Name: utilisateur_uti_id_seq; Type: SEQUENCE; Schema: public; Owner: dev
--

CREATE SEQUENCE public.utilisateur_uti_id_seq
    START WITH 1
    INCREMENT BY 1
    NO MINVALUE
    NO MAXVALUE
    CACHE 1;


ALTER TABLE public.utilisateur_uti_id_seq OWNER TO dev;

--
-- Name: SEQUENCE utilisateur_uti_id_seq; Type: COMMENT; Schema: public; Owner: dev
--

COMMENT ON SEQUENCE public.utilisateur_uti_id_seq IS 'DbWrench Autogenerated Sequence.';


--
-- Data for Name: absence; Type: TABLE DATA; Schema: public; Owner: dev
--

COPY public.absence (abs_id, abs_fk_idutilisateur, abs_fk_idstatusabsence, abs_fk_idperformance, abs_fk_idmotifabsence, abs_fk_idfichier, abs_datedebut, abs_datefin, abs_lieu, abs_commentaire, abs_auteurcreation, abs_datecreation, abs_auteurchangement, abs_datechangement, abs_nom, abs_rappel, abs_fk_idtypecompetition, abs_fk_idechellecompetition, abs_fk_idlocalisationcompetition) FROM stdin;
12	6	\N	12	2	\N	2018-01-09 18:06:00	2018-01-09 19:06:00	paris	\N	dev@dev.fr	2018-12-09 18:20:52	dev@dev.fr	2018-12-09 18:20:52	09-01-2018 - Compét - Championnat Europe	\N	\N	\N	\N
16	6	\N	\N	2	\N	2018-12-12 10:32:00	2018-12-12 13:32:00	Lyon INSA	\N	dev@dev.fr	2018-12-12 10:32:39	dev@dev.fr	2018-12-12 10:32:39	12-12-2018 - Compét - Championnat France	\N	\N	\N	\N
17	6	\N	\N	2	\N	2018-12-12 11:02:00	2018-12-12 15:02:00	insa	\N	dev@dev.fr	2018-12-12 11:02:22	dev@dev.fr	2018-12-12 11:02:22	12-12-2018 - Compét - Championnat Asie	\N	7	2	4
18	6	\N	\N	2	\N	2018-12-15 18:15:00	2018-12-15 19:15:00	insa	\N	dev@dev.fr	2018-12-12 18:15:59	dev@dev.fr	2018-12-12 18:15:59	15-12-2018 - Compét - Championnat Aucun	\N	7	1	5
\.


--
-- Data for Name: categorie; Type: TABLE DATA; Schema: public; Owner: dev
--

COPY public.categorie (cat_id, cat_nom, cat_description, cat_auteurcreation, cat_datecreation, cat_auteurchangement, cat_datechangement) FROM stdin;
1	U22	\N	dev@dev.fr	2018-12-09 16:47:19	dev@dev.fr	2018-12-09 16:47:19
2	U25	\N	dev@dev.fr	2018-12-13 20:08:54	dev@dev.fr	2018-12-13 20:08:54
\.


--
-- Data for Name: classement; Type: TABLE DATA; Schema: public; Owner: dev
--

COPY public.classement (cla_id, cla_name, cla_description, cla_auteurcreation, cla_datecreation, cla_auteurchangement, cla_datechangement) FROM stdin;
\.


--
-- Data for Name: competition; Type: TABLE DATA; Schema: public; Owner: dev
--

COPY public.competition (com_id, com_name, com_description, com_auteurcreation, com_datecreation, com_auteurchangement, com_datechangement) FROM stdin;
\.


--
-- Data for Name: datatemp; Type: TABLE DATA; Schema: public; Owner: dev
--

COPY public.datatemp (dattem_id, dattem_nom, dattem_auteurcreation, dattem_datecreation, dattem_auteurchangement, dattem_datechangement, dattem_type) FROM stdin;
\.


--
-- Data for Name: departement; Type: TABLE DATA; Schema: public; Owner: dev
--

COPY public.departement (dep_id, dep_nom, dep_description, dep_auteurcreation, dep_datecreation, dep_auteurchangement, dep_datechangement) FROM stdin;
1	3GCU	\N	dev	2018-11-08 17:01:47.094714	dev	2018-11-08 17:01:47.094714
2	4GCU	\N	dev	2018-11-08 17:01:47.095968	dev	2018-11-08 17:01:47.095968
3	5GCU	\N	dev	2018-11-08 17:01:47.096824	dev	2018-11-08 17:01:47.096824
4	3GE	\N	dev	2018-11-08 17:01:47.097606	dev	2018-11-08 17:01:47.097606
5	4GE	\N	dev	2018-11-08 17:01:47.098447	dev	2018-11-08 17:01:47.098447
6	5GE	\N	dev	2018-11-08 17:01:47.099286	dev	2018-11-08 17:01:47.099286
7	3GEE	\N	dev	2018-11-08 17:01:47.100067	dev	2018-11-08 17:01:47.100067
8	4GEE	\N	dev	2018-11-08 17:01:47.100886	dev	2018-11-08 17:01:47.100886
9	5GEE	\N	dev	2018-11-08 17:01:47.101742	dev	2018-11-08 17:01:47.101742
10	3TC	\N	dev	2018-11-08 17:01:47.102557	dev	2018-11-08 17:01:47.102557
11	4TC	\N	dev	2018-11-08 17:01:47.103487	dev	2018-11-08 17:01:47.103487
12	5TC	\N	dev	2018-11-08 17:01:47.104387	dev	2018-11-08 17:01:47.104387
\.


--
-- Data for Name: division; Type: TABLE DATA; Schema: public; Owner: dev
--

COPY public.division (div_id, div_name, div_description, div_auteurcreation, div_datecreation, div_auteurchangement, div_datechangement) FROM stdin;
\.


--
-- Data for Name: echellecompetition; Type: TABLE DATA; Schema: public; Owner: dev
--

COPY public.echellecompetition (echcom_id, echcom_nom, echcom_description, echcom_auteurcreation, echcom_datecreation, echcom_auteurchangement, echcom_datechangement, echcom_type) FROM stdin;
1	Monde	\N	dev	2018-11-08 17:05:35.09252	dev	2018-11-08 17:05:35.09252	Monde
2	Continental	\N	dev	2018-11-08 17:05:35.095316	dev	2018-11-08 17:05:35.095316	Continent
3	National	\N	dev	2018-11-08 17:05:35.096919	dev	2018-11-08 17:05:35.096919	Pays
4	Régional	\N	dev	2018-11-22 14:37:48.6925	dev	2018-11-22 14:37:48.6925	
\.


--
-- Data for Name: epreuve; Type: TABLE DATA; Schema: public; Owner: dev
--

COPY public.epreuve (epr_id, epr_nom, epr_description, epr_auteurcreation, epr_datecreation, epr_auteurchangement, epr_datechangement) FROM stdin;
1	1000 M	\N	dev@dev.fr	2018-12-09 16:47:19	dev@dev.fr	2018-12-09 16:47:19
2	5 KM	\N	dev@dev.fr	2018-12-12 11:21:34	dev@dev.fr	2018-12-12 11:21:34
3	1299 M	\N	dev@dev.fr	2018-12-12 14:25:48	dev@dev.fr	2018-12-12 14:25:48
\.


--
-- Data for Name: fichier; Type: TABLE DATA; Schema: public; Owner: dev
--

COPY public.fichier (fic_id, fic_fk_idutilisateur, fic_fk_idtypefichier, fic_chemin, fic_auteurcreation, fic_datecreation, fic_auteurchangement, fic_datechangement, fic_fk_idperformance) FROM stdin;
1	6	3	05593c77c22dbea4d4147b2d0e45e4ea.jpeg	dev	2018-12-09 16:32:33	dev	2018-12-09 16:32:33	\N
2	6	3	e7998de7a57164ee2aec933a59cd9861.jpeg	dev	2018-12-09 16:48:40	dev	2018-12-09 16:48:40	\N
3	6	3	fcdf9d9db4e8ef61cae3b96c4d4d1865.png	dev	2018-12-09 16:56:19	dev	2018-12-09 16:56:19	\N
4	6	3	39005350942bc002c11bfae18d5050da.jpeg	dev	2018-12-09 16:56:19	dev	2018-12-09 16:56:19	\N
5	6	3	14357b44c8729e3344535b50477f54ed.jpeg	dev	2018-12-09 16:56:19	dev	2018-12-09 16:56:19	\N
18	6	3	6b69d4ca69d1260913583615fe5fa5f8.jpeg	dev	2018-12-09 18:46:50	dev	2018-12-09 18:46:50	\N
21	6	3	d0be98ec5d93881220a7482c079b32d1.png	dev	2018-12-11 20:56:41	dev	2018-12-11 20:56:41	\N
24	6	3	31b4a096f265865c1c756b7e1a8352ca.png	dev	2018-12-11 20:58:54	dev	2018-12-11 20:58:54	\N
25	6	3	bd90b7d70f2643194824a9199fd6b982.png	dev	2018-12-11 20:58:54	dev	2018-12-11 20:58:54	\N
26	6	3	32d40452fb69bfe556bf20b4ae737eb1.png	dev	2018-12-11 20:58:54	dev	2018-12-11 20:58:54	\N
37	6	3	08c35b1b7605aca66f53f623e8e9bdc7.png	dev	2018-12-11 21:07:44	dev	2018-12-11 21:07:44	\N
38	6	3	3f85aac0040de07c75ad5308a3f578fe.jpeg	dev	2018-12-11 21:07:44	dev	2018-12-11 21:07:44	\N
39	6	3	4332e64dfcf14fd7cfdd0ccf50b96c7a.png	dev	2018-12-11 21:44:09	dev	2018-12-11 21:44:09	\N
40	6	3	436944c699fed5869469ebb9e0243065.jpeg	dev	2018-12-11 21:44:09	dev	2018-12-11 21:44:09	\N
41	6	3	c0c54bf11656f2effec499059fe317de.jpeg	dev	2018-12-11 21:44:09	dev	2018-12-11 21:44:09	\N
48	6	3	b1508e5cbcc76d5918be632f5a47f155.png	dev	2018-12-11 22:07:39	dev	2018-12-11 22:07:39	\N
49	6	3	8094ec97fc785eda15cd787253dea532.jpeg	dev	2018-12-11 22:07:39	dev	2018-12-11 22:07:39	\N
50	6	3	cbcb2e9607f2e03bdb8011d3be8c8984.jpeg	dev	2018-12-12 11:21:34	dev	2018-12-12 11:21:34	\N
52	6	3	843a5ae6a212a943209261bb06eada2f.jpeg	dev	2018-12-12 11:46:48	dev	2018-12-12 11:46:48	\N
53	6	3	0889e23aee64d04f08a3dfc8bd38571e.jpeg	dev	2018-12-12 11:46:48	dev	2018-12-12 11:46:48	\N
54	6	3	b42bd27b15aa5ad91e6b214a66d4e6e1.png	dev	2018-12-12 11:46:48	dev	2018-12-12 11:46:48	\N
55	6	3	eaf4e66a88d17f372337223ac9e9e3a7.jpeg	dev	2018-12-12 12:43:38	dev	2018-12-12 12:43:38	\N
56	6	3	9cfde9a1d77a776e6af928fa83ed6e59.png	dev	2018-12-12 12:43:38	dev	2018-12-12 12:43:38	\N
57	6	3	4f3fc801999543dfedf1d86bd601285c.jpeg	dev	2018-12-12 12:43:38	dev	2018-12-12 12:43:38	\N
61	6	3	92ed665e7c517c04109e3116a8128865.png	dev	2018-12-12 12:47:10	dev	2018-12-12 12:47:10	19
62	6	3	82d21b59fd0ca36202a166826979ee40.jpeg	dev	2018-12-12 18:19:43	dev	2018-12-12 18:19:43	20
63	6	3	121055246b53319e4726b1ccd4f9722c.jpeg	dev	2018-12-12 18:19:43	dev	2018-12-12 18:19:43	20
64	6	3	4a5216bce951156928c286f0d1dfc1a3.jpeg	dev	2018-12-13 20:08:54	dev	2018-12-13 20:08:54	22
\.


--
-- Data for Name: jointurecompetition; Type: TABLE DATA; Schema: public; Owner: dev
--

COPY public.jointurecompetition (joicom_id, joicom_fk_idcategorie, joicom_fk_idcompetition, joicom_fk_iddivision, joicom_fk_idjointuresport, joicom_auteurcreation, joicom_datecreation, joicom_auteurchangement, joicom_datechangement) FROM stdin;
\.


--
-- Data for Name: jointuresport; Type: TABLE DATA; Schema: public; Owner: dev
--

COPY public.jointuresport (joispo_id, joispo_fk_idsport, joispo_fk_idepreuve, joispo_fk_idcategorie, joispo_auteurcreation, joispo_datecreation, joispo_auteurchangement, joispo_datechangement) FROM stdin;
1	1	1	1	dev@dev.fr	2018-12-09 16:47:19	dev@dev.fr	2018-12-09 16:47:19
2	1	1	\N	dev@dev.fr	2018-12-09 16:47:19	dev@dev.fr	2018-12-09 16:47:19
3	1	\N	1	dev@dev.fr	2018-12-09 16:47:19	dev@dev.fr	2018-12-09 16:47:19
4	1	2	1	dev@dev.fr	2018-12-12 11:21:34	dev@dev.fr	2018-12-12 11:21:34
5	1	2	\N	dev@dev.fr	2018-12-12 11:21:34	dev@dev.fr	2018-12-12 11:21:34
6	1	3	1	dev@dev.fr	2018-12-12 14:25:48	dev@dev.fr	2018-12-12 14:25:48
7	1	3	\N	dev@dev.fr	2018-12-12 14:25:48	dev@dev.fr	2018-12-12 14:25:48
8	1	3	2	dev@dev.fr	2018-12-13 20:08:54	dev@dev.fr	2018-12-13 20:08:54
9	1	\N	2	dev@dev.fr	2018-12-13 20:08:54	dev@dev.fr	2018-12-13 20:08:54
10	1	1	2	dev@dev.fr	2018-12-13 20:16:10	dev@dev.fr	2018-12-13 20:16:10
\.


--
-- Data for Name: localisationcompetition; Type: TABLE DATA; Schema: public; Owner: dev
--

COPY public.localisationcompetition (loccom_id, loccom_nom, loccom_auteurcreation, loccom_datecreation, loccom_auteurchangement, loccom_datechangement, loccom_type) FROM stdin;
1	Europe	dev	2018-11-08 17:05:35.09878	dev	2018-11-08 17:05:35.09878	Continent
2	France	dev	2018-11-08 17:05:35.100414	dev	2018-11-08 17:05:35.100414	Pays
3	Afrique	dev	2018-11-08 17:05:35.101843	dev	2018-11-08 17:05:35.101843	Continent
4	Asie	dev	2018-11-08 17:05:35.103232	dev	2018-11-08 17:05:35.103232	Continent
5	Aucun	dev	2018-11-14 17:53:50.905292	dev	2018-11-14 17:53:50.905292	Aucun
\.


--
-- Data for Name: motifabsence; Type: TABLE DATA; Schema: public; Owner: dev
--

COPY public.motifabsence (motabs_id, motabs_nom, motabs_description, motabs_auteurcreation, motabs_datecreation, motabs_auteurchangement, motabs_datechangement) FROM stdin;
1	Stage Sportif	\N	dev	2018-11-08 17:00:55.847442	dev	2018-11-08 17:00:55.847442
2	Compétition	\N	dev	2018-11-08 17:00:55.848529	dev	2018-11-08 17:00:55.848529
\.


--
-- Data for Name: niveaucompetition; Type: TABLE DATA; Schema: public; Owner: dev
--

COPY public.niveaucompetition (nivcom_id, nivcom_name, nivcom_description, nivcom_auteurcreation, nivcom_datecreation, nivcom_auteurchangement, nivcom_datechangement) FROM stdin;
\.


--
-- Data for Name: niveaulisteministerielle; Type: TABLE DATA; Schema: public; Owner: dev
--

COPY public.niveaulisteministerielle (nivlismin_id, nivlismin_nom, nivlismin_description, nivlismin_auteurcreation, nivlismin_datecreation, nivlismin_auteurchangement, nivlismin_datechangement) FROM stdin;
1	Elite	\N	dev	2018-11-08 17:00:42.014272	dev	2018-11-08 17:00:42.014272
2	Sénior	\N	dev	2018-11-08 17:00:42.017409	dev	2018-11-08 17:00:42.017409
3	Relève	\N	dev	2018-11-08 17:00:42.018756	dev	2018-11-08 17:00:42.018756
4	Espoir	\N	dev	2018-11-08 17:00:43.856306	dev	2018-11-08 17:00:43.856306
\.


--
-- Data for Name: nomcompetition; Type: TABLE DATA; Schema: public; Owner: dev
--

COPY public.nomcompetition (nomcom_id, nomcom_name, nomcom_description, nomcom_auteurcreation, nomcom_datecreation, nomcom_auteurchangement, nivcom_datechangement) FROM stdin;
\.


--
-- Data for Name: performance; Type: TABLE DATA; Schema: public; Owner: dev
--

COPY public.performance (per_id, per_fk_idutilisateur, per_fk_idjointuresport, per_fk_idtypecompetition, per_fk_idechellecompetition, per_fk_idlocalisationcompetition, per_fk_idresultat, per_datedebut, per_datefin, per_lieu, per_importance, per_ressenti, per_auteurcreation, per_datecreation, per_auteurchangement, per_datechangement, per_listephoto, per_fk_idabsence) FROM stdin;
12	6	1	7	2	1	1	2018-01-09 18:06:00	2018-01-09 19:06:00	paris	f	j'étais au top	dev@dev.fr	2018-12-09 18:20:52	dev@dev.fr	2018-12-11 22:07:39	{0,48,49}	\N
15	6	\N	7	3	2	\N	2018-12-12 10:32:00	2018-12-12 13:32:00	Lyon INSA	\N	\N	dev@dev.fr	2018-12-12 10:32:39	dev@dev.fr	2018-12-12 10:32:39	\N	\N
16	6	1	7	2	4	4	2013-01-01 00:00:00	2013-01-01 00:00:00	insa	f	J'ai été moyen, que 5ème	dev@dev.fr	2018-12-12 11:21:00	dev@dev.fr	2018-12-12 11:21:00	{0,0,0}	\N
17	6	4	7	2	4	1	2013-01-01 00:00:00	2013-01-01 00:00:00	insa	f	Je me suis déchiré, 1er cette fois	dev@dev.fr	2018-12-12 11:21:34	dev@dev.fr	2018-12-12 11:21:34	{0,50,0}	\N
18	6	1	7	2	4	2	2013-01-01 00:00:00	2013-01-01 00:00:00	insa	t	2nd d'asie j'étais en forme	dev@dev.fr	2018-12-12 11:38:39	dev@dev.fr	2018-12-12 11:46:48	{52,53,54}	\N
19	6	1	9	3	2	1	2019-01-01 00:00:00	2019-01-01 05:00:00	insa	f	super top	dev@dev.fr	2018-12-12 12:43:38	dev@dev.fr	2018-12-12 14:25:11	\N	\N
20	6	6	9	3	2	3	2019-01-01 00:00:00	2019-01-01 05:00:00	insa	f	super top	dev@dev.fr	2018-12-12 12:43:38	dev@dev.fr	2018-12-12 18:19:43	\N	\N
21	6	1	7	2	4	1	2018-12-13 19:45:00	2018-12-13 19:45:00	pékin	f	super	dev@dev.fr	2018-12-13 19:46:41	dev@dev.fr	2018-12-13 19:46:41	\N	\N
22	6	8	8	2	3	3	2018-12-22 20:05:00	2018-12-22 23:05:00	\N	t	je me suis senti au top de ma forme	dev@dev.fr	2018-12-13 20:08:54	dev@dev.fr	2018-12-13 20:08:54	\N	\N
23	6	10	7	3	2	1	2018-12-22 20:15:00	2018-12-23 20:15:00	\N	f	super	dev@dev.fr	2018-12-13 20:16:10	dev@dev.fr	2018-12-13 20:16:10	\N	\N
\.


--
-- Data for Name: resultat; Type: TABLE DATA; Schema: public; Owner: dev
--

COPY public.resultat (res_id, res_nom, res_description, res_auteurcreation, res_datecreation, res_auteurchangement, res_datechangement) FROM stdin;
1	TOP 1	\N	dev	2018-11-08 17:00:55.838538	dev	2018-11-08 17:00:55.838538
2	TOP 2	\N	dev	2018-11-08 17:00:55.840735	dev	2018-11-08 17:00:55.840735
3	TOP 3	\N	dev	2018-11-08 17:00:55.84189	dev	2018-11-08 17:00:55.84189
4	TOP 5	\N	dev	2018-11-08 17:00:55.843187	dev	2018-11-08 17:00:55.843187
5	TOP 10	\N	dev	2018-11-08 17:00:55.844323	dev	2018-11-08 17:00:55.844323
6	Première moitié	\N	dev	2018-11-08 17:00:55.845326	dev	2018-11-08 17:00:55.845326
7	Seconde moitié	\N	dev	2018-11-08 17:00:55.846364	dev	2018-11-08 17:00:55.846364
\.


--
-- Data for Name: role; Type: TABLE DATA; Schema: public; Owner: dev
--

COPY public.role (rol_id, rol_nom, rol_description, rol_auteurcreation, rol_datecreation, rol_auteurchangement, rol_datechangement) FROM stdin;
\.


--
-- Data for Name: sport; Type: TABLE DATA; Schema: public; Owner: dev
--

COPY public.sport (spo_id, spo_nom, spo_description, spo_auteurcreation, spo_datecreation, spo_auteurchangement, spo_datechangement) FROM stdin;
1	ATHLETISME	\N	dev	2018-11-08 17:06:42.37146	dev	2018-11-08 17:06:42.37146
2	AUTOMOBILE	\N	dev	2018-11-08 17:06:42.375333	dev	2018-11-08 17:06:42.375333
3	AVIRON	\N	dev	2018-11-08 17:06:42.376914	dev	2018-11-08 17:06:42.376914
4	AVIRON DE MER	\N	dev	2018-11-08 17:06:42.378367	dev	2018-11-08 17:06:42.378367
5	BADMINTON	\N	dev	2018-11-08 17:06:42.379711	dev	2018-11-08 17:06:42.379711
6	BASEBALL	\N	dev	2018-11-08 17:06:42.381038	dev	2018-11-08 17:06:42.381038
7	BASKET BALL	\N	dev	2018-11-08 17:06:42.38224	dev	2018-11-08 17:06:42.38224
8	BIATHLON	\N	dev	2018-11-08 17:06:42.383405	dev	2018-11-08 17:06:42.383405
9	CANOE KAYAK	\N	dev	2018-11-08 17:06:42.38447	dev	2018-11-08 17:06:42.38447
10	COURSE D''ORIENTATION	\N	dev	2018-11-08 17:06:42.385734	dev	2018-11-08 17:06:42.385734
11	COURSE D''ORIENTATION VTT	\N	dev	2018-11-08 17:06:42.38687	dev	2018-11-08 17:06:42.38687
12	CYCLISME	\N	dev	2018-11-08 17:06:42.387987	dev	2018-11-08 17:06:42.387987
13	DANSE	\N	dev	2018-11-08 17:06:42.388916	dev	2018-11-08 17:06:42.388916
14	ESCALADE	\N	dev	2018-11-08 17:06:42.389784	dev	2018-11-08 17:06:42.389784
15	ESCRIME	\N	dev	2018-11-08 17:06:42.390668	dev	2018-11-08 17:06:42.390668
16	FOOTBALL	\N	dev	2018-11-08 17:06:42.391516	dev	2018-11-08 17:06:42.391516
17	FORCE ATHLETIQUE	\N	dev	2018-11-08 17:06:42.39258	dev	2018-11-08 17:06:42.39258
18	GYMNASTIQUE	\N	dev	2018-11-08 17:06:42.393441	dev	2018-11-08 17:06:42.393441
19	HANDBALL	\N	dev	2018-11-08 17:06:42.394276	dev	2018-11-08 17:06:42.394276
20	ESCRIME HANDISPORT	\N	dev	2018-11-08 17:06:42.395168	dev	2018-11-08 17:06:42.395168
21	HOCKEY SUR GAZON	\N	dev	2018-11-08 17:06:42.396036	dev	2018-11-08 17:06:42.396036
22	HOCKEY SUR GLACE	\N	dev	2018-11-08 17:06:42.396875	dev	2018-11-08 17:06:42.396875
23	JUDO	\N	dev	2018-11-08 17:06:42.397676	dev	2018-11-08 17:06:42.397676
24	KARATE	\N	dev	2018-11-08 17:06:42.398503	dev	2018-11-08 17:06:42.398503
25	MOTOCYCLISME	\N	dev	2018-11-08 17:06:42.399377	dev	2018-11-08 17:06:42.399377
26	NATATION	\N	dev	2018-11-08 17:06:42.400205	dev	2018-11-08 17:06:42.400205
27	NATATION SYNCHRONISEE	\N	dev	2018-11-08 17:06:42.401097	dev	2018-11-08 17:06:42.401097
28	PARAPENTE	\N	dev	2018-11-08 17:06:42.401936	dev	2018-11-08 17:06:42.401936
29	PENTATHLON MODERNE	\N	dev	2018-11-08 17:06:42.402805	dev	2018-11-08 17:06:42.402805
30	RAID TRAIL	\N	dev	2018-11-08 17:06:42.40375	dev	2018-11-08 17:06:42.40375
31	ROLLER	\N	dev	2018-11-08 17:06:42.404636	dev	2018-11-08 17:06:42.404636
32	RUGBY	\N	dev	2018-11-08 17:06:42.405481	dev	2018-11-08 17:06:42.405481
33	SAVATE BOXE FRANCAISE	\N	dev	2018-11-08 17:06:42.406379	dev	2018-11-08 17:06:42.406379
34	SKI	\N	dev	2018-11-08 17:06:42.407367	dev	2018-11-08 17:06:42.407367
35	SKI NAUTIQUE	\N	dev	2018-11-08 17:06:42.40841	dev	2018-11-08 17:06:42.40841
36	SNOW BOARD	\N	dev	2018-11-08 17:06:42.409363	dev	2018-11-08 17:06:42.409363
37	SPORTS GLACE	\N	dev	2018-11-08 17:06:42.410353	dev	2018-11-08 17:06:42.410353
38	SQUASH	\N	dev	2018-11-08 17:06:42.411205	dev	2018-11-08 17:06:42.411205
39	SURF	\N	dev	2018-11-08 17:06:42.411981	dev	2018-11-08 17:06:42.411981
40	TAEKWONDO	\N	dev	2018-11-08 17:06:42.412699	dev	2018-11-08 17:06:42.412699
41	TENNIS	\N	dev	2018-11-08 17:06:42.413421	dev	2018-11-08 17:06:42.413421
42	TENNIS DE TABLE	\N	dev	2018-11-08 17:06:42.414154	dev	2018-11-08 17:06:42.414154
43	TIR	\N	dev	2018-11-08 17:06:42.414899	dev	2018-11-08 17:06:42.414899
44	TIR A L''ARC	\N	dev	2018-11-08 17:06:42.415625	dev	2018-11-08 17:06:42.415625
45	TRIATHLON	\N	dev	2018-11-08 17:06:42.416336	dev	2018-11-08 17:06:42.416336
46	VOILE	\N	dev	2018-11-08 17:06:42.41702	dev	2018-11-08 17:06:42.41702
47	VOL LIBRE	\N	dev	2018-11-08 17:06:42.417723	dev	2018-11-08 17:06:42.417723
48	VOLLEY BALL	\N	dev	2018-11-08 17:06:42.418449	dev	2018-11-08 17:06:42.418449
49	VTT ENDURO	\N	dev	2018-11-08 17:06:42.419192	dev	2018-11-08 17:06:42.419192
50	WAKEBOARD	\N	dev	2018-11-08 17:06:42.419925	dev	2018-11-08 17:06:42.419925
51	WATER-POLO	\N	dev	2018-11-08 17:06:42.42066	dev	2018-11-08 17:06:42.42066
52	LONGBOARD	\N	dev	2018-11-08 17:06:42.421388	dev	2018-11-08 17:06:42.421388
53	KITE SURF	\N	dev	2018-11-08 17:06:42.422113	dev	2018-11-08 17:06:42.422113
54	COURSE EN MONTAGNE	\N	dev	2018-11-08 17:06:42.422847	dev	2018-11-08 17:06:42.422847
55	RUN&BIKE	\N	dev	2018-11-08 17:06:42.423539	dev	2018-11-08 17:06:42.423539
56	SAUVETAGE SPORTIF	\N	dev	2018-11-08 17:06:42.424475	dev	2018-11-08 17:06:42.424475
57	BODY SURF	\N	dev	2018-11-08 17:06:42.425151	dev	2018-11-08 17:06:42.425151
58	SAMBO	\N	dev	2018-11-08 17:06:42.425801	dev	2018-11-08 17:06:42.425801
59	COMBINE PENTATHLON	\N	dev	2018-11-08 17:06:42.426486	dev	2018-11-08 17:06:42.426486
60	DANSE SUR GLACE	\N	dev	2018-11-08 17:06:42.427212	dev	2018-11-08 17:06:42.427212
61	PATINAGE ARTISTIQUE	\N	dev	2018-11-08 17:06:42.427929	dev	2018-11-08 17:06:42.427929
62	PATINAGE DE VITESSE	\N	dev	2018-11-08 17:06:42.428652	dev	2018-11-08 17:06:42.428652
\.


--
-- Data for Name: statusabsence; Type: TABLE DATA; Schema: public; Owner: dev
--

COPY public.statusabsence (staabs_id, staabs_nom, staabs_description, staabs_auteurcreation, staabs_datecreation, staabs_auteurchangement, staabs_datechangement) FROM stdin;
1	En attente	\N	dev	2018-11-08 17:00:55.849444	dev	2018-11-08 17:00:55.849444
2	Pré-validée	\N	dev	2018-11-08 17:00:55.850432	dev	2018-11-08 17:00:55.850432
3	Validée	\N	dev	2018-11-08 17:00:55.851294	dev	2018-11-08 17:00:55.851294
\.


--
-- Data for Name: typecompetition; Type: TABLE DATA; Schema: public; Owner: dev
--

COPY public.typecompetition (typcom_id, typcom_nom, typcom_description, typcom_auteurcreation, typcom_datecreation, typcom_auteurchangement, typcom_datechangement) FROM stdin;
7	Championnat	\N	dev	2018-11-08 17:02:45.819291	dev	2018-11-08 17:02:45.819291
8	Coupe	\N	dev	2018-11-08 17:02:45.821028	dev	2018-11-08 17:02:45.821028
9	Jeux	\N	dev	2018-11-08 17:02:45.822338	dev	2018-11-08 17:02:45.822338
10	coup	\N	cds	2018-11-29 09:19:03	cds	2018-11-29 09:19:03
\.


--
-- Data for Name: typefichier; Type: TABLE DATA; Schema: public; Owner: dev
--

COPY public.typefichier (typfic_id, typfic_nom, typfic_description, typfic_auteurcreation, typfic_datecreation, typfic_auteurchangement, typfic_datechangement) FROM stdin;
1	Convocation	\N	dev	2018-11-08 17:01:59.440533	dev	2018-11-08 17:01:59.440533
2	Autre	\N	dev	2018-11-08 17:01:59.44157	dev	2018-11-08 17:01:59.44157
3	Photo	\N	dev	2018-12-08 18:06:47.321148	dev	2018-12-08 18:06:47.321148
\.


--
-- Data for Name: typesport; Type: TABLE DATA; Schema: public; Owner: dev
--

COPY public.typesport (typspo_id, typspo_name, typspo_description, typspo_auteurcreation, typspo_datecreation, typspo_auteurchangement, typspo_datechangement) FROM stdin;
\.


--
-- Data for Name: users; Type: TABLE DATA; Schema: public; Owner: dev
--

COPY public.users (id, email, name, role, password) FROM stdin;
1	dev@dev.fr	dev	ROLE_Users	$2y$13$eR7pKb2B7Pg9stE5lg2mMeFklN85d6mGg/UX4/NuHgX/zBNXQAlCq
2	toto@email.com	toto	ROLE_Users	$2y$13$er4RcI08IcACuL5CPrkLFOypIAYDn8J6IcO8AYM16r2gRR.ttSav.
3	cds@dev.fr	cds	ROLE_Admin	$2y$13$SGwpYg9RWaYUaKutNy7ubet5ooFlNL2JubLrnjBVcD1BOBMz2RnPK
\.


--
-- Data for Name: utilisateur; Type: TABLE DATA; Schema: public; Owner: dev
--

COPY public.utilisateur (uti_id, uti_nom, uti_prenom, uti_email, uti_fk_idsport, uti_fk_iddepartement, uti_fk_idniveaulisteministerielle, uti_auteurcreation, uti_datecreation, uti_auteurchangement, uti_datechangement, uti_premiereconnexion) FROM stdin;
8	toto	tata	toto@email.com	1	1	1	dev	2018-11-14 11:34:31.107237	dev	2018-11-14 11:34:31.107237	f
9	cds	cds	cds@dev.fr	2	1	1	dev	2018-11-14 17:25:31.799104	dev	2018-11-14 17:25:31.799104	f
6	dev	thom	dev@dev.fr	1	1	1	dev	2018-11-08 17:59:41.468485	dev	2018-11-08 17:59:41.468485	f
\.


--
-- Name: absence_abs_id_seq; Type: SEQUENCE SET; Schema: public; Owner: dev
--

SELECT pg_catalog.setval('public.absence_abs_id_seq', 18, true);


--
-- Name: categorie_cat_id_seq; Type: SEQUENCE SET; Schema: public; Owner: dev
--

SELECT pg_catalog.setval('public.categorie_cat_id_seq', 2, true);


--
-- Name: classement_cla_id_seq; Type: SEQUENCE SET; Schema: public; Owner: dev
--

SELECT pg_catalog.setval('public.classement_cla_id_seq', 1, false);


--
-- Name: competition_com_id_seq; Type: SEQUENCE SET; Schema: public; Owner: dev
--

SELECT pg_catalog.setval('public.competition_com_id_seq', 1, false);


--
-- Name: datatemp_dattem_id_seq; Type: SEQUENCE SET; Schema: public; Owner: dev
--

SELECT pg_catalog.setval('public.datatemp_dattem_id_seq', 1, false);


--
-- Name: departement_dep_id_seq; Type: SEQUENCE SET; Schema: public; Owner: dev
--

SELECT pg_catalog.setval('public.departement_dep_id_seq', 12, true);


--
-- Name: division_div_id_seq; Type: SEQUENCE SET; Schema: public; Owner: dev
--

SELECT pg_catalog.setval('public.division_div_id_seq', 1, false);


--
-- Name: echellecompetition_echcom_id_seq; Type: SEQUENCE SET; Schema: public; Owner: dev
--

SELECT pg_catalog.setval('public.echellecompetition_echcom_id_seq', 4, true);


--
-- Name: epreuve_epr_id_seq; Type: SEQUENCE SET; Schema: public; Owner: dev
--

SELECT pg_catalog.setval('public.epreuve_epr_id_seq', 3, true);


--
-- Name: fichier_fic_id_seq; Type: SEQUENCE SET; Schema: public; Owner: dev
--

SELECT pg_catalog.setval('public.fichier_fic_id_seq', 64, true);


--
-- Name: jointurecompetition_joicom_id_seq; Type: SEQUENCE SET; Schema: public; Owner: dev
--

SELECT pg_catalog.setval('public.jointurecompetition_joicom_id_seq', 1, false);


--
-- Name: jointuresport_joispo_id_seq; Type: SEQUENCE SET; Schema: public; Owner: dev
--

SELECT pg_catalog.setval('public.jointuresport_joispo_id_seq', 10, true);


--
-- Name: localisationcompetition_loccom_id_seq; Type: SEQUENCE SET; Schema: public; Owner: dev
--

SELECT pg_catalog.setval('public.localisationcompetition_loccom_id_seq', 5, true);


--
-- Name: motifabsence_motabs_id_seq; Type: SEQUENCE SET; Schema: public; Owner: dev
--

SELECT pg_catalog.setval('public.motifabsence_motabs_id_seq', 2, true);


--
-- Name: niveaucompetition_nivcom_id_seq; Type: SEQUENCE SET; Schema: public; Owner: dev
--

SELECT pg_catalog.setval('public.niveaucompetition_nivcom_id_seq', 1, false);


--
-- Name: niveaulisteministerielle_nivlismin_id_seq; Type: SEQUENCE SET; Schema: public; Owner: dev
--

SELECT pg_catalog.setval('public.niveaulisteministerielle_nivlismin_id_seq', 4, true);


--
-- Name: nomcompetition_nomcom_id_seq; Type: SEQUENCE SET; Schema: public; Owner: dev
--

SELECT pg_catalog.setval('public.nomcompetition_nomcom_id_seq', 1, false);


--
-- Name: performance_per_id_seq; Type: SEQUENCE SET; Schema: public; Owner: dev
--

SELECT pg_catalog.setval('public.performance_per_id_seq', 23, true);


--
-- Name: resultat_res_id_seq; Type: SEQUENCE SET; Schema: public; Owner: dev
--

SELECT pg_catalog.setval('public.resultat_res_id_seq', 7, true);


--
-- Name: role_rol_id_seq; Type: SEQUENCE SET; Schema: public; Owner: dev
--

SELECT pg_catalog.setval('public.role_rol_id_seq', 1, false);


--
-- Name: sport_spo_id_seq; Type: SEQUENCE SET; Schema: public; Owner: dev
--

SELECT pg_catalog.setval('public.sport_spo_id_seq', 62, true);


--
-- Name: statusabsence_staabs_id_seq; Type: SEQUENCE SET; Schema: public; Owner: dev
--

SELECT pg_catalog.setval('public.statusabsence_staabs_id_seq', 3, true);


--
-- Name: typecompetition_typcom_id_seq; Type: SEQUENCE SET; Schema: public; Owner: dev
--

SELECT pg_catalog.setval('public.typecompetition_typcom_id_seq', 10, true);


--
-- Name: typefichier_typfic_id_seq; Type: SEQUENCE SET; Schema: public; Owner: dev
--

SELECT pg_catalog.setval('public.typefichier_typfic_id_seq', 2, true);


--
-- Name: typesport_typspo_id_seq; Type: SEQUENCE SET; Schema: public; Owner: dev
--

SELECT pg_catalog.setval('public.typesport_typspo_id_seq', 1, false);


--
-- Name: users_id_seq; Type: SEQUENCE SET; Schema: public; Owner: dev
--

SELECT pg_catalog.setval('public.users_id_seq', 3, true);


--
-- Name: utilisateur_uti_id_seq; Type: SEQUENCE SET; Schema: public; Owner: dev
--

SELECT pg_catalog.setval('public.utilisateur_uti_id_seq', 9, true);


--
-- Name: classement classement_pkey; Type: CONSTRAINT; Schema: public; Owner: dev
--

ALTER TABLE ONLY public.classement
    ADD CONSTRAINT classement_pkey PRIMARY KEY (cla_id);


--
-- Name: competition competition_pkey; Type: CONSTRAINT; Schema: public; Owner: dev
--

ALTER TABLE ONLY public.competition
    ADD CONSTRAINT competition_pkey PRIMARY KEY (com_id);


--
-- Name: datatemp datatemp_pkey; Type: CONSTRAINT; Schema: public; Owner: dev
--

ALTER TABLE ONLY public.datatemp
    ADD CONSTRAINT datatemp_pkey PRIMARY KEY (dattem_id);


--
-- Name: division division_pkey; Type: CONSTRAINT; Schema: public; Owner: dev
--

ALTER TABLE ONLY public.division
    ADD CONSTRAINT division_pkey PRIMARY KEY (div_id);


--
-- Name: jointurecompetition jointurecompetition_pkey; Type: CONSTRAINT; Schema: public; Owner: dev
--

ALTER TABLE ONLY public.jointurecompetition
    ADD CONSTRAINT jointurecompetition_pkey PRIMARY KEY (joicom_id);


--
-- Name: niveaucompetition niveaucompetition_pkey; Type: CONSTRAINT; Schema: public; Owner: dev
--

ALTER TABLE ONLY public.niveaucompetition
    ADD CONSTRAINT niveaucompetition_pkey PRIMARY KEY (nivcom_id);


--
-- Name: nomcompetition nomcompetition_pkey; Type: CONSTRAINT; Schema: public; Owner: dev
--

ALTER TABLE ONLY public.nomcompetition
    ADD CONSTRAINT nomcompetition_pkey PRIMARY KEY (nomcom_id);


--
-- Name: absence pkabsence; Type: CONSTRAINT; Schema: public; Owner: dev
--

ALTER TABLE ONLY public.absence
    ADD CONSTRAINT pkabsence PRIMARY KEY (abs_id);


--
-- Name: categorie pkcategorie; Type: CONSTRAINT; Schema: public; Owner: dev
--

ALTER TABLE ONLY public.categorie
    ADD CONSTRAINT pkcategorie PRIMARY KEY (cat_id);


--
-- Name: departement pkdepartement; Type: CONSTRAINT; Schema: public; Owner: dev
--

ALTER TABLE ONLY public.departement
    ADD CONSTRAINT pkdepartement PRIMARY KEY (dep_id);


--
-- Name: echellecompetition pkechellecompetition; Type: CONSTRAINT; Schema: public; Owner: dev
--

ALTER TABLE ONLY public.echellecompetition
    ADD CONSTRAINT pkechellecompetition PRIMARY KEY (echcom_id);


--
-- Name: epreuve pkepreuve; Type: CONSTRAINT; Schema: public; Owner: dev
--

ALTER TABLE ONLY public.epreuve
    ADD CONSTRAINT pkepreuve PRIMARY KEY (epr_id);


--
-- Name: fichier pkfichier; Type: CONSTRAINT; Schema: public; Owner: dev
--

ALTER TABLE ONLY public.fichier
    ADD CONSTRAINT pkfichier PRIMARY KEY (fic_id);


--
-- Name: jointuresport pkjointuresport; Type: CONSTRAINT; Schema: public; Owner: dev
--

ALTER TABLE ONLY public.jointuresport
    ADD CONSTRAINT pkjointuresport PRIMARY KEY (joispo_id);


--
-- Name: localisationcompetition pklocalisationcompetition; Type: CONSTRAINT; Schema: public; Owner: dev
--

ALTER TABLE ONLY public.localisationcompetition
    ADD CONSTRAINT pklocalisationcompetition PRIMARY KEY (loccom_id);


--
-- Name: motifabsence pkmotifabsence; Type: CONSTRAINT; Schema: public; Owner: dev
--

ALTER TABLE ONLY public.motifabsence
    ADD CONSTRAINT pkmotifabsence PRIMARY KEY (motabs_id);


--
-- Name: niveaulisteministerielle pkniveaulisteministerielle; Type: CONSTRAINT; Schema: public; Owner: dev
--

ALTER TABLE ONLY public.niveaulisteministerielle
    ADD CONSTRAINT pkniveaulisteministerielle PRIMARY KEY (nivlismin_id);


--
-- Name: performance pkperformance; Type: CONSTRAINT; Schema: public; Owner: dev
--

ALTER TABLE ONLY public.performance
    ADD CONSTRAINT pkperformance PRIMARY KEY (per_id);


--
-- Name: resultat pkresultat; Type: CONSTRAINT; Schema: public; Owner: dev
--

ALTER TABLE ONLY public.resultat
    ADD CONSTRAINT pkresultat PRIMARY KEY (res_id);


--
-- Name: sport pksport; Type: CONSTRAINT; Schema: public; Owner: dev
--

ALTER TABLE ONLY public.sport
    ADD CONSTRAINT pksport PRIMARY KEY (spo_id);


--
-- Name: statusabsence pkstatusabsence; Type: CONSTRAINT; Schema: public; Owner: dev
--

ALTER TABLE ONLY public.statusabsence
    ADD CONSTRAINT pkstatusabsence PRIMARY KEY (staabs_id);


--
-- Name: typecompetition pktypecompetition; Type: CONSTRAINT; Schema: public; Owner: dev
--

ALTER TABLE ONLY public.typecompetition
    ADD CONSTRAINT pktypecompetition PRIMARY KEY (typcom_id);


--
-- Name: typefichier pktypefichier; Type: CONSTRAINT; Schema: public; Owner: dev
--

ALTER TABLE ONLY public.typefichier
    ADD CONSTRAINT pktypefichier PRIMARY KEY (typfic_id);


--
-- Name: utilisateur pkutilisateur; Type: CONSTRAINT; Schema: public; Owner: dev
--

ALTER TABLE ONLY public.utilisateur
    ADD CONSTRAINT pkutilisateur PRIMARY KEY (uti_id);


--
-- Name: role role_pkey; Type: CONSTRAINT; Schema: public; Owner: dev
--

ALTER TABLE ONLY public.role
    ADD CONSTRAINT role_pkey PRIMARY KEY (rol_id);


--
-- Name: typesport typesport_pkey; Type: CONSTRAINT; Schema: public; Owner: dev
--

ALTER TABLE ONLY public.typesport
    ADD CONSTRAINT typesport_pkey PRIMARY KEY (typspo_id);


--
-- Name: users users_pkey; Type: CONSTRAINT; Schema: public; Owner: dev
--

ALTER TABLE ONLY public.users
    ADD CONSTRAINT users_pkey PRIMARY KEY (id);


--
-- Name: utilisateur utilisateur_uti_email_key; Type: CONSTRAINT; Schema: public; Owner: dev
--

ALTER TABLE ONLY public.utilisateur
    ADD CONSTRAINT utilisateur_uti_email_key UNIQUE (uti_email);


--
-- Name: idx_765ae0c922595202; Type: INDEX; Schema: public; Owner: dev
--

CREATE INDEX idx_765ae0c922595202 ON public.absence USING btree (abs_fk_idechellecompetition);


--
-- Name: idx_765ae0c9559faf36; Type: INDEX; Schema: public; Owner: dev
--

CREATE INDEX idx_765ae0c9559faf36 ON public.absence USING btree (abs_fk_idlocalisationcompetition);


--
-- Name: idx_765ae0c9daa614af; Type: INDEX; Schema: public; Owner: dev
--

CREATE INDEX idx_765ae0c9daa614af ON public.absence USING btree (abs_fk_idtypecompetition);


--
-- Name: idx_808da18d149bf1ed; Type: INDEX; Schema: public; Owner: dev
--

CREATE INDEX idx_808da18d149bf1ed ON public.jointurecompetition USING btree (joicom_fk_idcompetition);


--
-- Name: idx_808da18d5dbc3a5a; Type: INDEX; Schema: public; Owner: dev
--

CREATE INDEX idx_808da18d5dbc3a5a ON public.jointurecompetition USING btree (joicom_fk_iddivision);


--
-- Name: idx_808da18dd85411de; Type: INDEX; Schema: public; Owner: dev
--

CREATE INDEX idx_808da18dd85411de ON public.jointurecompetition USING btree (joicom_fk_idcategorie);


--
-- Name: idx_808da18ddd53c254; Type: INDEX; Schema: public; Owner: dev
--

CREATE INDEX idx_808da18ddd53c254 ON public.jointurecompetition USING btree (joicom_fk_idjointuresport);


--
-- Name: idx_82d79681d44d35d0; Type: INDEX; Schema: public; Owner: dev
--

CREATE INDEX idx_82d79681d44d35d0 ON public.performance USING btree (per_fk_idabsence);


--
-- Name: idx_9b76551f5c02f373; Type: INDEX; Schema: public; Owner: dev
--

CREATE INDEX idx_9b76551f5c02f373 ON public.fichier USING btree (fic_fk_idperformance);


--
-- Name: uniq_1483a5e9e7927c74; Type: INDEX; Schema: public; Owner: dev
--

CREATE UNIQUE INDEX uniq_1483a5e9e7927c74 ON public.users USING btree (email);


--
-- Name: absence fk_765ae0c922595202; Type: FK CONSTRAINT; Schema: public; Owner: dev
--

ALTER TABLE ONLY public.absence
    ADD CONSTRAINT fk_765ae0c922595202 FOREIGN KEY (abs_fk_idechellecompetition) REFERENCES public.echellecompetition(echcom_id);


--
-- Name: absence fk_765ae0c9559faf36; Type: FK CONSTRAINT; Schema: public; Owner: dev
--

ALTER TABLE ONLY public.absence
    ADD CONSTRAINT fk_765ae0c9559faf36 FOREIGN KEY (abs_fk_idlocalisationcompetition) REFERENCES public.localisationcompetition(loccom_id);


--
-- Name: absence fk_765ae0c9daa614af; Type: FK CONSTRAINT; Schema: public; Owner: dev
--

ALTER TABLE ONLY public.absence
    ADD CONSTRAINT fk_765ae0c9daa614af FOREIGN KEY (abs_fk_idtypecompetition) REFERENCES public.typecompetition(typcom_id);


--
-- Name: jointurecompetition fk_808da18d149bf1ed; Type: FK CONSTRAINT; Schema: public; Owner: dev
--

ALTER TABLE ONLY public.jointurecompetition
    ADD CONSTRAINT fk_808da18d149bf1ed FOREIGN KEY (joicom_fk_idcompetition) REFERENCES public.competition(com_id);


--
-- Name: jointurecompetition fk_808da18d5dbc3a5a; Type: FK CONSTRAINT; Schema: public; Owner: dev
--

ALTER TABLE ONLY public.jointurecompetition
    ADD CONSTRAINT fk_808da18d5dbc3a5a FOREIGN KEY (joicom_fk_iddivision) REFERENCES public.division(div_id);


--
-- Name: jointurecompetition fk_808da18dd85411de; Type: FK CONSTRAINT; Schema: public; Owner: dev
--

ALTER TABLE ONLY public.jointurecompetition
    ADD CONSTRAINT fk_808da18dd85411de FOREIGN KEY (joicom_fk_idcategorie) REFERENCES public.categorie(cat_id);


--
-- Name: jointurecompetition fk_808da18ddd53c254; Type: FK CONSTRAINT; Schema: public; Owner: dev
--

ALTER TABLE ONLY public.jointurecompetition
    ADD CONSTRAINT fk_808da18ddd53c254 FOREIGN KEY (joicom_fk_idjointuresport) REFERENCES public.jointuresport(joispo_id);


--
-- Name: performance fk_82d79681d44d35d0; Type: FK CONSTRAINT; Schema: public; Owner: dev
--

ALTER TABLE ONLY public.performance
    ADD CONSTRAINT fk_82d79681d44d35d0 FOREIGN KEY (per_fk_idabsence) REFERENCES public.absence(abs_id);


--
-- Name: fichier fk_9b76551f5c02f373; Type: FK CONSTRAINT; Schema: public; Owner: dev
--

ALTER TABLE ONLY public.fichier
    ADD CONSTRAINT fk_9b76551f5c02f373 FOREIGN KEY (fic_fk_idperformance) REFERENCES public.performance(per_id);


--
-- Name: absence fk_absence_fichier; Type: FK CONSTRAINT; Schema: public; Owner: dev
--

ALTER TABLE ONLY public.absence
    ADD CONSTRAINT fk_absence_fichier FOREIGN KEY (abs_fk_idfichier) REFERENCES public.fichier(fic_id);


--
-- Name: absence fk_absence_motifabsence; Type: FK CONSTRAINT; Schema: public; Owner: dev
--

ALTER TABLE ONLY public.absence
    ADD CONSTRAINT fk_absence_motifabsence FOREIGN KEY (abs_fk_idmotifabsence) REFERENCES public.motifabsence(motabs_id);


--
-- Name: absence fk_absence_performance; Type: FK CONSTRAINT; Schema: public; Owner: dev
--

ALTER TABLE ONLY public.absence
    ADD CONSTRAINT fk_absence_performance FOREIGN KEY (abs_fk_idperformance) REFERENCES public.performance(per_id);


--
-- Name: absence fk_absence_statusabsence; Type: FK CONSTRAINT; Schema: public; Owner: dev
--

ALTER TABLE ONLY public.absence
    ADD CONSTRAINT fk_absence_statusabsence FOREIGN KEY (abs_fk_idstatusabsence) REFERENCES public.statusabsence(staabs_id);


--
-- Name: absence fk_absence_utilisateur; Type: FK CONSTRAINT; Schema: public; Owner: dev
--

ALTER TABLE ONLY public.absence
    ADD CONSTRAINT fk_absence_utilisateur FOREIGN KEY (abs_fk_idutilisateur) REFERENCES public.utilisateur(uti_id);


--
-- Name: fichier fk_fichier_typefichier; Type: FK CONSTRAINT; Schema: public; Owner: dev
--

ALTER TABLE ONLY public.fichier
    ADD CONSTRAINT fk_fichier_typefichier FOREIGN KEY (fic_fk_idtypefichier) REFERENCES public.typefichier(typfic_id);


--
-- Name: fichier fk_fichier_utilisateur; Type: FK CONSTRAINT; Schema: public; Owner: dev
--

ALTER TABLE ONLY public.fichier
    ADD CONSTRAINT fk_fichier_utilisateur FOREIGN KEY (fic_fk_idutilisateur) REFERENCES public.utilisateur(uti_id);


--
-- Name: jointuresport fk_jointuresport_categorie; Type: FK CONSTRAINT; Schema: public; Owner: dev
--

ALTER TABLE ONLY public.jointuresport
    ADD CONSTRAINT fk_jointuresport_categorie FOREIGN KEY (joispo_fk_idcategorie) REFERENCES public.categorie(cat_id);


--
-- Name: jointuresport fk_jointuresport_epreuve; Type: FK CONSTRAINT; Schema: public; Owner: dev
--

ALTER TABLE ONLY public.jointuresport
    ADD CONSTRAINT fk_jointuresport_epreuve FOREIGN KEY (joispo_fk_idepreuve) REFERENCES public.epreuve(epr_id);


--
-- Name: jointuresport fk_jointuresport_sport; Type: FK CONSTRAINT; Schema: public; Owner: dev
--

ALTER TABLE ONLY public.jointuresport
    ADD CONSTRAINT fk_jointuresport_sport FOREIGN KEY (joispo_fk_idsport) REFERENCES public.sport(spo_id);


--
-- Name: performance fk_performance_echellecompetition; Type: FK CONSTRAINT; Schema: public; Owner: dev
--

ALTER TABLE ONLY public.performance
    ADD CONSTRAINT fk_performance_echellecompetition FOREIGN KEY (per_fk_idechellecompetition) REFERENCES public.echellecompetition(echcom_id);


--
-- Name: performance fk_performance_jointuresport; Type: FK CONSTRAINT; Schema: public; Owner: dev
--

ALTER TABLE ONLY public.performance
    ADD CONSTRAINT fk_performance_jointuresport FOREIGN KEY (per_fk_idjointuresport) REFERENCES public.jointuresport(joispo_id);


--
-- Name: performance fk_performance_localisationcompetition; Type: FK CONSTRAINT; Schema: public; Owner: dev
--

ALTER TABLE ONLY public.performance
    ADD CONSTRAINT fk_performance_localisationcompetition FOREIGN KEY (per_fk_idlocalisationcompetition) REFERENCES public.localisationcompetition(loccom_id);


--
-- Name: performance fk_performance_resultat; Type: FK CONSTRAINT; Schema: public; Owner: dev
--

ALTER TABLE ONLY public.performance
    ADD CONSTRAINT fk_performance_resultat FOREIGN KEY (per_fk_idresultat) REFERENCES public.resultat(res_id);


--
-- Name: performance fk_performance_typecompetition; Type: FK CONSTRAINT; Schema: public; Owner: dev
--

ALTER TABLE ONLY public.performance
    ADD CONSTRAINT fk_performance_typecompetition FOREIGN KEY (per_fk_idtypecompetition) REFERENCES public.typecompetition(typcom_id);


--
-- Name: performance fk_performance_utilisateur; Type: FK CONSTRAINT; Schema: public; Owner: dev
--

ALTER TABLE ONLY public.performance
    ADD CONSTRAINT fk_performance_utilisateur FOREIGN KEY (per_fk_idutilisateur) REFERENCES public.utilisateur(uti_id);


--
-- Name: utilisateur fk_utilisateur_departement; Type: FK CONSTRAINT; Schema: public; Owner: dev
--

ALTER TABLE ONLY public.utilisateur
    ADD CONSTRAINT fk_utilisateur_departement FOREIGN KEY (uti_fk_iddepartement) REFERENCES public.departement(dep_id);


--
-- Name: utilisateur fk_utilisateur_niveaulisteministerielle; Type: FK CONSTRAINT; Schema: public; Owner: dev
--

ALTER TABLE ONLY public.utilisateur
    ADD CONSTRAINT fk_utilisateur_niveaulisteministerielle FOREIGN KEY (uti_fk_idniveaulisteministerielle) REFERENCES public.niveaulisteministerielle(nivlismin_id);


--
-- Name: utilisateur fk_utilisateur_sport; Type: FK CONSTRAINT; Schema: public; Owner: dev
--

ALTER TABLE ONLY public.utilisateur
    ADD CONSTRAINT fk_utilisateur_sport FOREIGN KEY (uti_fk_idsport) REFERENCES public.sport(spo_id);


--
-- PostgreSQL database dump complete
--

